country,area,link
Albania,BZN AL,https://transparency.entsoe.eu/transmission-domain/r2/dayAheadPrices/show?name=&defaultValue=false&viewType=TABLE&areaType=BZN&atch=false&dateTime.dateTime=01.01.2023+00:00|CET|DAY&biddingZone.values=CTY|10YAL-KESH-----5!BZN|10YAL-KESH-----5&resolution.values=PT60M&dateTime.timezone=CET_CEST&dateTime.timezone_input=CET+(UTC+1)+/+CEST+(UTC+2)
Austria,BZN AT,https://transparency.entsoe.eu/transmission-domain/r2/dayAheadPrices/show?name=&defaultValue=false&viewType=TABLE&areaType=BZN&atch=false&dateTime.dateTime=01.01.2023+00:00|CET|DAY&biddingZone.values=CTY|10YAT-APG------L!BZN|10YAT-APG------L&resolution.values=PT60M&dateTime.timezone=CET_CEST&dateTime.timezone_input=CET+(UTC+1)+/+CEST+(UTC+2)
Austria,BZN DE-AT-LU,https://transparency.entsoe.eu/transmission-domain/r2/dayAheadPrices/show?name=&defaultValue=false&viewType=TABLE&areaType=BZN&atch=false&dateTime.dateTime=01.01.2023+00:00|CET|DAY&biddingZone.values=CTY|10YAT-APG------L!BZN|10Y1001A1001A63L&resolution.values=PT60M&dateTime.timezone=CET_CEST&dateTime.timezone_input=CET+(UTC+1)+/+CEST+(UTC+2)
Belgium,BZN BE,https://transparency.entsoe.eu/transmission-domain/r2/dayAheadPrices/show?name=&defaultValue=false&viewType=TABLE&areaType=BZN&atch=false&dateTime.dateTime=01.01.2023+00:00|CET|DAY&biddingZone.values=CTY|10YBE----------2!BZN|10YBE----------2&resolution.values=PT60M&dateTime.timezone=CET_CEST&dateTime.timezone_input=CET+(UTC+1)+/+CEST+(UTC+2)
Bosnia and Herz.,BZN BA,https://transparency.entsoe.eu/transmission-domain/r2/dayAheadPrices/show?name=&defaultValue=false&viewType=TABLE&areaType=BZN&atch=false&dateTime.dateTime=01.01.2023+00:00|CET|DAY&biddingZone.values=CTY|10YBA-JPCC-----D!BZN|10YBA-JPCC-----D&resolution.values=PT60M&dateTime.timezone=CET_CEST&dateTime.timezone_input=CET+(UTC+1)+/+CEST+(UTC+2)
Bulgaria,BZN BG,https://transparency.entsoe.eu/transmission-domain/r2/dayAheadPrices/show?name=&defaultValue=false&viewType=TABLE&areaType=BZN&atch=false&dateTime.dateTime=01.01.2023+00:00|CET|DAY&biddingZone.values=CTY|10YCA-BULGARIA-R!BZN|10YCA-BULGARIA-R&resolution.values=PT60M&dateTime.timezone=CET_CEST&dateTime.timezone_input=CET+(UTC+1)+/+CEST+(UTC+2)
Croatia,BZN HR,https://transparency.entsoe.eu/transmission-domain/r2/dayAheadPrices/show?name=&defaultValue=false&viewType=TABLE&areaType=BZN&atch=false&dateTime.dateTime=01.01.2023+00:00|CET|DAY&biddingZone.values=CTY|10YHR-HEP------M!BZN|10YHR-HEP------M&resolution.values=PT60M&dateTime.timezone=CET_CEST&dateTime.timezone_input=CET+(UTC+1)+/+CEST+(UTC+2)
Cyprus,BZN CY,https://transparency.entsoe.eu/transmission-domain/r2/dayAheadPrices/show?name=&defaultValue=false&viewType=TABLE&areaType=BZN&atch=false&dateTime.dateTime=01.01.2023+00:00|CET|DAY&biddingZone.values=CTY|10YCY-1001A0003J!BZN|10YCY-1001A0003J&resolution.values=PT60M&dateTime.timezone=CET_CEST&dateTime.timezone_input=CET+(UTC+1)+/+CEST+(UTC+2)
Czech Rep.,BZN CZ,https://transparency.entsoe.eu/transmission-domain/r2/dayAheadPrices/show?name=&defaultValue=false&viewType=TABLE&areaType=BZN&atch=false&dateTime.dateTime=01.01.2023+00:00|CET|DAY&biddingZone.values=CTY|10YCZ-CEPS-----N!BZN|10YCZ-CEPS-----N&resolution.values=PT60M&dateTime.timezone=CET_CEST&dateTime.timezone_input=CET+(UTC+1)+/+CEST+(UTC+2)
Czech Rep.,BZN CZ-DE-SK,https://transparency.entsoe.eu/transmission-domain/r2/dayAheadPrices/show?name=&defaultValue=false&viewType=TABLE&areaType=BZN&atch=false&dateTime.dateTime=01.01.2023+00:00|CET|DAY&biddingZone.values=CTY|10YCZ-CEPS-----N!BZN|10YDOM-CZ-DE-SKK&resolution.values=PT60M&dateTime.timezone=CET_CEST&dateTime.timezone_input=CET+(UTC+1)+/+CEST+(UTC+2)
Denmark,BZN DK1,https://transparency.entsoe.eu/transmission-domain/r2/dayAheadPrices/show?name=&defaultValue=false&viewType=TABLE&areaType=BZN&atch=false&dateTime.dateTime=01.01.2023+00:00|CET|DAY&biddingZone.values=CTY|10Y1001A1001A65H!BZN|10YDK-1--------W&resolution.values=PT60M&dateTime.timezone=CET_CEST&dateTime.timezone_input=CET+(UTC+1)+/+CEST+(UTC+2)
Denmark,BZN DK2,https://transparency.entsoe.eu/transmission-domain/r2/dayAheadPrices/show?name=&defaultValue=false&viewType=TABLE&areaType=BZN&atch=false&dateTime.dateTime=01.01.2023+00:00|CET|DAY&biddingZone.values=CTY|10Y1001A1001A65H!BZN|10YDK-2--------M&resolution.values=PT60M&dateTime.timezone=CET_CEST&dateTime.timezone_input=CET+(UTC+1)+/+CEST+(UTC+2)
Estonia,BZN EE,https://transparency.entsoe.eu/transmission-domain/r2/dayAheadPrices/show?name=&defaultValue=false&viewType=TABLE&areaType=BZN&atch=false&dateTime.dateTime=01.01.2023+00:00|CET|DAY&biddingZone.values=CTY|10Y1001A1001A39I!BZN|10Y1001A1001A39I&resolution.values=PT60M&dateTime.timezone=CET_CEST&dateTime.timezone_input=CET+(UTC+1)+/+CEST+(UTC+2)
Finland,BZN FI,https://transparency.entsoe.eu/transmission-domain/r2/dayAheadPrices/show?name=&defaultValue=false&viewType=TABLE&areaType=BZN&atch=false&dateTime.dateTime=01.01.2023+00:00|CET|DAY&biddingZone.values=CTY|10YFI-1--------U!BZN|10YFI-1--------U&resolution.values=PT60M&dateTime.timezone=CET_CEST&dateTime.timezone_input=CET+(UTC+1)+/+CEST+(UTC+2)
France,BZN FR,https://transparency.entsoe.eu/transmission-domain/r2/dayAheadPrices/show?name=&defaultValue=false&viewType=TABLE&areaType=BZN&atch=false&dateTime.dateTime=01.01.2023+00:00|CET|DAY&biddingZone.values=CTY|10YFR-RTE------C!BZN|10YFR-RTE------C&resolution.values=PT60M&dateTime.timezone=CET_CEST&dateTime.timezone_input=CET+(UTC+1)+/+CEST+(UTC+2)
Georgia,BZN GE,https://transparency.entsoe.eu/transmission-domain/r2/dayAheadPrices/show?name=&defaultValue=false&viewType=TABLE&areaType=BZN&atch=false&dateTime.dateTime=01.01.2023+00:00|CET|DAY&biddingZone.values=CTY|10Y1001A1001B012!BZN|10Y1001A1001B012&resolution.values=PT60M&dateTime.timezone=CET_CEST&dateTime.timezone_input=CET+(UTC+1)+/+CEST+(UTC+2)
Germany,BZN DE-LU,https://transparency.entsoe.eu/transmission-domain/r2/dayAheadPrices/show?name=&defaultValue=false&viewType=TABLE&areaType=BZN&atch=false&dateTime.dateTime=01.01.2023+00:00|CET|DAY&biddingZone.values=CTY|10Y1001A1001A83F!BZN|10Y1001A1001A82H&resolution.values=PT60M&dateTime.timezone=CET_CEST&dateTime.timezone_input=CET+(UTC+1)+/+CEST+(UTC+2)
Germany,BZN CZ-DE-SK,https://transparency.entsoe.eu/transmission-domain/r2/dayAheadPrices/show?name=&defaultValue=false&viewType=TABLE&areaType=BZN&atch=false&dateTime.dateTime=01.01.2023+00:00|CET|DAY&biddingZone.values=CTY|10Y1001A1001A83F!BZN|10YDOM-CZ-DE-SKK&resolution.values=PT60M&dateTime.timezone=CET_CEST&dateTime.timezone_input=CET+(UTC+1)+/+CEST+(UTC+2)
Germany,BZN DE-AT-LU,https://transparency.entsoe.eu/transmission-domain/r2/dayAheadPrices/show?name=&defaultValue=false&viewType=TABLE&areaType=BZN&atch=false&dateTime.dateTime=01.01.2023+00:00|CET|DAY&biddingZone.values=CTY|10Y1001A1001A83F!BZN|10Y1001A1001A63L&resolution.values=PT60M&dateTime.timezone=CET_CEST&dateTime.timezone_input=CET+(UTC+1)+/+CEST+(UTC+2)
Greece,BZN GR,https://transparency.entsoe.eu/transmission-domain/r2/dayAheadPrices/show?name=&defaultValue=false&viewType=TABLE&areaType=BZN&atch=false&dateTime.dateTime=01.01.2023+00:00|CET|DAY&biddingZone.values=CTY|10YGR-HTSO-----Y!BZN|10YGR-HTSO-----Y&resolution.values=PT60M&dateTime.timezone=CET_CEST&dateTime.timezone_input=CET+(UTC+1)+/+CEST+(UTC+2)
Hungary,BZN HU,https://transparency.entsoe.eu/transmission-domain/r2/dayAheadPrices/show?name=&defaultValue=false&viewType=TABLE&areaType=BZN&atch=false&dateTime.dateTime=01.01.2023+00:00|CET|DAY&biddingZone.values=CTY|10YHU-MAVIR----U!BZN|10YHU-MAVIR----U&resolution.values=PT60M&dateTime.timezone=CET_CEST&dateTime.timezone_input=CET+(UTC+1)+/+CEST+(UTC+2)
Ireland,BZN IE(SEM),https://transparency.entsoe.eu/transmission-domain/r2/dayAheadPrices/show?name=&defaultValue=false&viewType=TABLE&areaType=BZN&atch=false&dateTime.dateTime=01.01.2023+00:00|CET|DAY&biddingZone.values=CTY|10YIE-1001A00010!BZN|10Y1001A1001A59C&resolution.values=PT60M&dateTime.timezone=CET_CEST&dateTime.timezone_input=CET+(UTC+1)+/+CEST+(UTC+2)
Italy,BZN IT-Brindisi,https://transparency.entsoe.eu/transmission-domain/r2/dayAheadPrices/show?name=&defaultValue=false&viewType=TABLE&areaType=BZN&atch=false&dateTime.dateTime=01.01.2023+00:00|CET|DAY&biddingZone.values=CTY|10YIT-GRTN-----B!BZN|10Y1001A1001A699&resolution.values=PT60M&dateTime.timezone=CET_CEST&dateTime.timezone_input=CET+(UTC+1)+/+CEST+(UTC+2)
Italy,BZN IT-Calabria,https://transparency.entsoe.eu/transmission-domain/r2/dayAheadPrices/show?name=&defaultValue=false&viewType=TABLE&areaType=BZN&atch=false&dateTime.dateTime=01.01.2023+00:00|CET|DAY&biddingZone.values=CTY|10YIT-GRTN-----B!BZN|10Y1001C--00096J&resolution.values=PT60M&dateTime.timezone=CET_CEST&dateTime.timezone_input=CET+(UTC+1)+/+CEST+(UTC+2)
Italy,BZN IT-Centre-North,https://transparency.entsoe.eu/transmission-domain/r2/dayAheadPrices/show?name=&defaultValue=false&viewType=TABLE&areaType=BZN&atch=false&dateTime.dateTime=01.01.2023+00:00|CET|DAY&biddingZone.values=CTY|10YIT-GRTN-----B!BZN|10Y1001A1001A70O&resolution.values=PT60M&dateTime.timezone=CET_CEST&dateTime.timezone_input=CET+(UTC+1)+/+CEST+(UTC+2)
Italy,BZN IT-Centre-South,https://transparency.entsoe.eu/transmission-domain/r2/dayAheadPrices/show?name=&defaultValue=false&viewType=TABLE&areaType=BZN&atch=false&dateTime.dateTime=01.01.2023+00:00|CET|DAY&biddingZone.values=CTY|10YIT-GRTN-----B!BZN|10Y1001A1001A71M&resolution.values=PT60M&dateTime.timezone=CET_CEST&dateTime.timezone_input=CET+(UTC+1)+/+CEST+(UTC+2)
Italy,BZN IT-Foggia,https://transparency.entsoe.eu/transmission-domain/r2/dayAheadPrices/show?name=&defaultValue=false&viewType=TABLE&areaType=BZN&atch=false&dateTime.dateTime=01.01.2023+00:00|CET|DAY&biddingZone.values=CTY|10YIT-GRTN-----B!BZN|10Y1001A1001A72K&resolution.values=PT60M&dateTime.timezone=CET_CEST&dateTime.timezone_input=CET+(UTC+1)+/+CEST+(UTC+2)
Italy,BZN IT-GR,https://transparency.entsoe.eu/transmission-domain/r2/dayAheadPrices/show?name=&defaultValue=false&viewType=TABLE&areaType=BZN&atch=false&dateTime.dateTime=01.01.2023+00:00|CET|DAY&biddingZone.values=CTY|10YIT-GRTN-----B!BZN|10Y1001A1001A66F&resolution.values=PT60M&dateTime.timezone=CET_CEST&dateTime.timezone_input=CET+(UTC+1)+/+CEST+(UTC+2)
Italy,BZN IT-North,https://transparency.entsoe.eu/transmission-domain/r2/dayAheadPrices/show?name=&defaultValue=false&viewType=TABLE&areaType=BZN&atch=false&dateTime.dateTime=01.01.2023+00:00|CET|DAY&biddingZone.values=CTY|10YIT-GRTN-----B!BZN|10Y1001A1001A73I&resolution.values=PT60M&dateTime.timezone=CET_CEST&dateTime.timezone_input=CET+(UTC+1)+/+CEST+(UTC+2)
Italy,BZN IT-North-AT,https://transparency.entsoe.eu/transmission-domain/r2/dayAheadPrices/show?name=&defaultValue=false&viewType=TABLE&areaType=BZN&atch=false&dateTime.dateTime=01.01.2023+00:00|CET|DAY&biddingZone.values=CTY|10YIT-GRTN-----B!BZN|10Y1001A1001A80L&resolution.values=PT60M&dateTime.timezone=CET_CEST&dateTime.timezone_input=CET+(UTC+1)+/+CEST+(UTC+2)
Italy,BZN IT-North-CH,https://transparency.entsoe.eu/transmission-domain/r2/dayAheadPrices/show?name=&defaultValue=false&viewType=TABLE&areaType=BZN&atch=false&dateTime.dateTime=01.01.2023+00:00|CET|DAY&biddingZone.values=CTY|10YIT-GRTN-----B!BZN|10Y1001A1001A68B&resolution.values=PT60M&dateTime.timezone=CET_CEST&dateTime.timezone_input=CET+(UTC+1)+/+CEST+(UTC+2)
Italy,BZN IT-North-FR,https://transparency.entsoe.eu/transmission-domain/r2/dayAheadPrices/show?name=&defaultValue=false&viewType=TABLE&areaType=BZN&atch=false&dateTime.dateTime=01.01.2023+00:00|CET|DAY&biddingZone.values=CTY|10YIT-GRTN-----B!BZN|10Y1001A1001A81J&resolution.values=PT60M&dateTime.timezone=CET_CEST&dateTime.timezone_input=CET+(UTC+1)+/+CEST+(UTC+2)
Italy,BZN IT-North-SI,https://transparency.entsoe.eu/transmission-domain/r2/dayAheadPrices/show?name=&defaultValue=false&viewType=TABLE&areaType=BZN&atch=false&dateTime.dateTime=01.01.2023+00:00|CET|DAY&biddingZone.values=CTY|10YIT-GRTN-----B!BZN|10Y1001A1001A67D&resolution.values=PT60M&dateTime.timezone=CET_CEST&dateTime.timezone_input=CET+(UTC+1)+/+CEST+(UTC+2)
Italy,BZN IT-Priolo,https://transparency.entsoe.eu/transmission-domain/r2/dayAheadPrices/show?name=&defaultValue=false&viewType=TABLE&areaType=BZN&atch=false&dateTime.dateTime=01.01.2023+00:00|CET|DAY&biddingZone.values=CTY|10YIT-GRTN-----B!BZN|10Y1001A1001A76C&resolution.values=PT60M&dateTime.timezone=CET_CEST&dateTime.timezone_input=CET+(UTC+1)+/+CEST+(UTC+2)
Italy,BZN IT-Rossano,https://transparency.entsoe.eu/transmission-domain/r2/dayAheadPrices/show?name=&defaultValue=false&viewType=TABLE&areaType=BZN&atch=false&dateTime.dateTime=01.01.2023+00:00|CET|DAY&biddingZone.values=CTY|10YIT-GRTN-----B!BZN|10Y1001A1001A77A&resolution.values=PT60M&dateTime.timezone=CET_CEST&dateTime.timezone_input=CET+(UTC+1)+/+CEST+(UTC+2)
Italy,BZN IT-SACOAC,https://transparency.entsoe.eu/transmission-domain/r2/dayAheadPrices/show?name=&defaultValue=false&viewType=TABLE&areaType=BZN&atch=false&dateTime.dateTime=01.01.2023+00:00|CET|DAY&biddingZone.values=CTY|10YIT-GRTN-----B!BZN|10Y1001A1001A885&resolution.values=PT60M&dateTime.timezone=CET_CEST&dateTime.timezone_input=CET+(UTC+1)+/+CEST+(UTC+2)
Italy,BZN IT-SACODC,https://transparency.entsoe.eu/transmission-domain/r2/dayAheadPrices/show?name=&defaultValue=false&viewType=TABLE&areaType=BZN&atch=false&dateTime.dateTime=01.01.2023+00:00|CET|DAY&biddingZone.values=CTY|10YIT-GRTN-----B!BZN|10Y1001A1001A893&resolution.values=PT60M&dateTime.timezone=CET_CEST&dateTime.timezone_input=CET+(UTC+1)+/+CEST+(UTC+2)
Italy,BZN IT-Sardina,https://transparency.entsoe.eu/transmission-domain/r2/dayAheadPrices/show?name=&defaultValue=false&viewType=TABLE&areaType=BZN&atch=false&dateTime.dateTime=01.01.2023+00:00|CET|DAY&biddingZone.values=CTY|10YIT-GRTN-----B!BZN|10Y1001A1001A74G&resolution.values=PT60M&dateTime.timezone=CET_CEST&dateTime.timezone_input=CET+(UTC+1)+/+CEST+(UTC+2)
Italy,BZN IT-Sicily,https://transparency.entsoe.eu/transmission-domain/r2/dayAheadPrices/show?name=&defaultValue=false&viewType=TABLE&areaType=BZN&atch=false&dateTime.dateTime=01.01.2023+00:00|CET|DAY&biddingZone.values=CTY|10YIT-GRTN-----B!BZN|10Y1001A1001A75E&resolution.values=PT60M&dateTime.timezone=CET_CEST&dateTime.timezone_input=CET+(UTC+1)+/+CEST+(UTC+2)
Italy,BZN IT-South,https://transparency.entsoe.eu/transmission-domain/r2/dayAheadPrices/show?name=&defaultValue=false&viewType=TABLE&areaType=BZN&atch=false&dateTime.dateTime=01.01.2023+00:00|CET|DAY&biddingZone.values=CTY|10YIT-GRTN-----B!BZN|10Y1001A1001A788&resolution.values=PT60M&dateTime.timezone=CET_CEST&dateTime.timezone_input=CET+(UTC+1)+/+CEST+(UTC+2)
Italy,BZN IT-Malta,https://transparency.entsoe.eu/transmission-domain/r2/dayAheadPrices/show?name=&defaultValue=false&viewType=TABLE&areaType=BZN&atch=false&dateTime.dateTime=01.01.2023+00:00|CET|DAY&biddingZone.values=CTY|10YIT-GRTN-----B!BZN|10Y1001A1001A877&resolution.values=PT60M&dateTime.timezone=CET_CEST&dateTime.timezone_input=CET+(UTC+1)+/+CEST+(UTC+2)
Kosovo,BZN XK,https://transparency.entsoe.eu/transmission-domain/r2/dayAheadPrices/show?name=&defaultValue=false&viewType=TABLE&areaType=BZN&atch=false&dateTime.dateTime=01.01.2023+00:00|CET|DAY&biddingZone.values=CTY|10Y1001C--00100H!BZN|10Y1001C--00100H&resolution.values=PT60M&dateTime.timezone=CET_CEST&dateTime.timezone_input=CET+(UTC+1)+/+CEST+(UTC+2)
Latvia,BZN LV,https://transparency.entsoe.eu/transmission-domain/r2/dayAheadPrices/show?name=&defaultValue=false&viewType=TABLE&areaType=BZN&atch=false&dateTime.dateTime=01.01.2023+00:00|CET|DAY&biddingZone.values=CTY|10YLV-1001A00074!BZN|10YLV-1001A00074&resolution.values=PT60M&dateTime.timezone=CET_CEST&dateTime.timezone_input=CET+(UTC+1)+/+CEST+(UTC+2)
Lithuania,BZN LT,https://transparency.entsoe.eu/transmission-domain/r2/dayAheadPrices/show?name=&defaultValue=false&viewType=TABLE&areaType=BZN&atch=false&dateTime.dateTime=01.01.2023+00:00|CET|DAY&biddingZone.values=CTY|10YLT-1001A0008Q!BZN|10YLT-1001A0008Q&resolution.values=PT60M&dateTime.timezone=CET_CEST&dateTime.timezone_input=CET+(UTC+1)+/+CEST+(UTC+2)
Luxembourg,BZN DE-LU,https://transparency.entsoe.eu/transmission-domain/r2/dayAheadPrices/show?name=&defaultValue=false&viewType=TABLE&areaType=BZN&atch=false&dateTime.dateTime=01.01.2023+00:00|CET|DAY&biddingZone.values=CTY|10YLU-CEGEDEL-NQ!BZN|10Y1001A1001A82H&resolution.values=PT60M&dateTime.timezone=CET_CEST&dateTime.timezone_input=CET+(UTC+1)+/+CEST+(UTC+2)
Luxembourg,BZN DE-AT-LU,https://transparency.entsoe.eu/transmission-domain/r2/dayAheadPrices/show?name=&defaultValue=false&viewType=TABLE&areaType=BZN&atch=false&dateTime.dateTime=01.01.2023+00:00|CET|DAY&biddingZone.values=CTY|10YLU-CEGEDEL-NQ!BZN|10Y1001A1001A63L&resolution.values=PT60M&dateTime.timezone=CET_CEST&dateTime.timezone_input=CET+(UTC+1)+/+CEST+(UTC+2)
Malta,BZN MT,https://transparency.entsoe.eu/transmission-domain/r2/dayAheadPrices/show?name=&defaultValue=false&viewType=TABLE&areaType=BZN&atch=false&dateTime.dateTime=01.01.2023+00:00|CET|DAY&biddingZone.values=CTY|10Y1001A1001A93C!BZN|10Y1001A1001A93C&resolution.values=PT60M&dateTime.timezone=CET_CEST&dateTime.timezone_input=CET+(UTC+1)+/+CEST+(UTC+2)
Moldova,BZN MD,https://transparency.entsoe.eu/transmission-domain/r2/dayAheadPrices/show?name=&defaultValue=false&viewType=TABLE&areaType=BZN&atch=false&dateTime.dateTime=01.01.2023+00:00|CET|DAY&biddingZone.values=CTY|10Y1001A1001A990!BZN|10Y1001A1001A990&resolution.values=PT60M&dateTime.timezone=CET_CEST&dateTime.timezone_input=CET+(UTC+1)+/+CEST+(UTC+2)
Montenegro,BZN ME,https://transparency.entsoe.eu/transmission-domain/r2/dayAheadPrices/show?name=&defaultValue=false&viewType=TABLE&areaType=BZN&atch=false&dateTime.dateTime=01.01.2023+00:00|CET|DAY&biddingZone.values=CTY|10YCS-CG-TSO---S!BZN|10YCS-CG-TSO---S&resolution.values=PT60M&dateTime.timezone=CET_CEST&dateTime.timezone_input=CET+(UTC+1)+/+CEST+(UTC+2)
Netherlands,BZN NL,https://transparency.entsoe.eu/transmission-domain/r2/dayAheadPrices/show?name=&defaultValue=false&viewType=TABLE&areaType=BZN&atch=false&dateTime.dateTime=01.01.2023+00:00|CET|DAY&biddingZone.values=CTY|10YNL----------L!BZN|10YNL----------L&resolution.values=PT60M&dateTime.timezone=CET_CEST&dateTime.timezone_input=CET+(UTC+1)+/+CEST+(UTC+2)
North Macedonia,BZN MK,https://transparency.entsoe.eu/transmission-domain/r2/dayAheadPrices/show?name=&defaultValue=false&viewType=TABLE&areaType=BZN&atch=false&dateTime.dateTime=01.01.2023+00:00|CET|DAY&biddingZone.values=CTY|10YMK-MEPSO----8!BZN|10YMK-MEPSO----8&resolution.values=PT60M&dateTime.timezone=CET_CEST&dateTime.timezone_input=CET+(UTC+1)+/+CEST+(UTC+2)
Norway,BZN NO1,https://transparency.entsoe.eu/transmission-domain/r2/dayAheadPrices/show?name=&defaultValue=false&viewType=TABLE&areaType=BZN&atch=false&dateTime.dateTime=01.01.2023+00:00|CET|DAY&biddingZone.values=CTY|10YNO-0--------C!BZN|10YNO-1--------2&resolution.values=PT60M&dateTime.timezone=CET_CEST&dateTime.timezone_input=CET+(UTC+1)+/+CEST+(UTC+2)
Norway,BZN NO2,https://transparency.entsoe.eu/transmission-domain/r2/dayAheadPrices/show?name=&defaultValue=false&viewType=TABLE&areaType=BZN&atch=false&dateTime.dateTime=01.01.2023+00:00|CET|DAY&biddingZone.values=CTY|10YNO-0--------C!BZN|10YNO-2--------T&resolution.values=PT60M&dateTime.timezone=CET_CEST&dateTime.timezone_input=CET+(UTC+1)+/+CEST+(UTC+2)
Norway,BZN NO2NSL,https://transparency.entsoe.eu/transmission-domain/r2/dayAheadPrices/show?name=&defaultValue=false&viewType=TABLE&areaType=BZN&atch=false&dateTime.dateTime=01.01.2023+00:00|CET|DAY&biddingZone.values=CTY|10YNO-0--------C!BZN|50Y0JVU59B4JWQCU&resolution.values=PT60M&dateTime.timezone=CET_CEST&dateTime.timezone_input=CET+(UTC+1)+/+CEST+(UTC+2)
Norway,BZN NO3,https://transparency.entsoe.eu/transmission-domain/r2/dayAheadPrices/show?name=&defaultValue=false&viewType=TABLE&areaType=BZN&atch=false&dateTime.dateTime=01.01.2023+00:00|CET|DAY&biddingZone.values=CTY|10YNO-0--------C!BZN|10YNO-3--------J&resolution.values=PT60M&dateTime.timezone=CET_CEST&dateTime.timezone_input=CET+(UTC+1)+/+CEST+(UTC+2)
Norway,BZN NO4,https://transparency.entsoe.eu/transmission-domain/r2/dayAheadPrices/show?name=&defaultValue=false&viewType=TABLE&areaType=BZN&atch=false&dateTime.dateTime=01.01.2023+00:00|CET|DAY&biddingZone.values=CTY|10YNO-0--------C!BZN|10YNO-4--------9&resolution.values=PT60M&dateTime.timezone=CET_CEST&dateTime.timezone_input=CET+(UTC+1)+/+CEST+(UTC+2)
Norway,BZN NO5,https://transparency.entsoe.eu/transmission-domain/r2/dayAheadPrices/show?name=&defaultValue=false&viewType=TABLE&areaType=BZN&atch=false&dateTime.dateTime=01.01.2023+00:00|CET|DAY&biddingZone.values=CTY|10YNO-0--------C!BZN|10Y1001A1001A48H&resolution.values=PT60M&dateTime.timezone=CET_CEST&dateTime.timezone_input=CET+(UTC+1)+/+CEST+(UTC+2)
Poland,BZN PL,https://transparency.entsoe.eu/transmission-domain/r2/dayAheadPrices/show?name=&defaultValue=false&viewType=TABLE&areaType=BZN&atch=false&dateTime.dateTime=01.01.2023+00:00|CET|DAY&biddingZone.values=CTY|10YPL-AREA-----S!BZN|10YPL-AREA-----S&resolution.values=PT60M&dateTime.timezone=CET_CEST&dateTime.timezone_input=CET+(UTC+1)+/+CEST+(UTC+2)
Portugal,BZN PT,https://transparency.entsoe.eu/transmission-domain/r2/dayAheadPrices/show?name=&defaultValue=false&viewType=TABLE&areaType=BZN&atch=false&dateTime.dateTime=01.01.2023+00:00|CET|DAY&biddingZone.values=CTY|10YPT-REN------W!BZN|10YPT-REN------W&resolution.values=PT60M&dateTime.timezone=CET_CEST&dateTime.timezone_input=CET+(UTC+1)+/+CEST+(UTC+2)
Romania,BZN RO,https://transparency.entsoe.eu/transmission-domain/r2/dayAheadPrices/show?name=&defaultValue=false&viewType=TABLE&areaType=BZN&atch=false&dateTime.dateTime=01.01.2023+00:00|CET|DAY&biddingZone.values=CTY|10YRO-TEL------P!BZN|10YRO-TEL------P&resolution.values=PT60M&dateTime.timezone=CET_CEST&dateTime.timezone_input=CET+(UTC+1)+/+CEST+(UTC+2)
Serbia,BZN RS,https://transparency.entsoe.eu/transmission-domain/r2/dayAheadPrices/show?name=&defaultValue=false&viewType=TABLE&areaType=BZN&atch=false&dateTime.dateTime=01.01.2023+00:00|CET|DAY&biddingZone.values=CTY|10YCS-SERBIATSOV!BZN|10YCS-SERBIATSOV&resolution.values=PT60M&dateTime.timezone=CET_CEST&dateTime.timezone_input=CET+(UTC+1)+/+CEST+(UTC+2)
Slovakia,BZN SK,https://transparency.entsoe.eu/transmission-domain/r2/dayAheadPrices/show?name=&defaultValue=false&viewType=TABLE&areaType=BZN&atch=false&dateTime.dateTime=01.01.2023+00:00|CET|DAY&biddingZone.values=CTY|10YSK-SEPS-----K!BZN|10YSK-SEPS-----K&resolution.values=PT60M&dateTime.timezone=CET_CEST&dateTime.timezone_input=CET+(UTC+1)+/+CEST+(UTC+2)
Slovakia,BZN CZ-DE-SK,https://transparency.entsoe.eu/transmission-domain/r2/dayAheadPrices/show?name=&defaultValue=false&viewType=TABLE&areaType=BZN&atch=false&dateTime.dateTime=01.01.2023+00:00|CET|DAY&biddingZone.values=CTY|10YSK-SEPS-----K!BZN|10YDOM-CZ-DE-SKK&resolution.values=PT60M&dateTime.timezone=CET_CEST&dateTime.timezone_input=CET+(UTC+1)+/+CEST+(UTC+2)
Slovenia,BZN SI,https://transparency.entsoe.eu/transmission-domain/r2/dayAheadPrices/show?name=&defaultValue=false&viewType=TABLE&areaType=BZN&atch=false&dateTime.dateTime=01.01.2023+00:00|CET|DAY&biddingZone.values=CTY|10YSI-ELES-----O!BZN|10YSI-ELES-----O&resolution.values=PT60M&dateTime.timezone=CET_CEST&dateTime.timezone_input=CET+(UTC+1)+/+CEST+(UTC+2)
Spain,BZN ES,https://transparency.entsoe.eu/transmission-domain/r2/dayAheadPrices/show?name=&defaultValue=false&viewType=TABLE&areaType=BZN&atch=false&dateTime.dateTime=01.01.2023+00:00|CET|DAY&biddingZone.values=CTY|10YES-REE------0!BZN|10YES-REE------0&resolution.values=PT60M&dateTime.timezone=CET_CEST&dateTime.timezone_input=CET+(UTC+1)+/+CEST+(UTC+2)
Sweden,BZN SE1,https://transparency.entsoe.eu/transmission-domain/r2/dayAheadPrices/show?name=&defaultValue=false&viewType=TABLE&areaType=BZN&atch=false&dateTime.dateTime=01.01.2023+00:00|CET|DAY&biddingZone.values=CTY|10YSE-1--------K!BZN|10Y1001A1001A44P&resolution.values=PT60M&dateTime.timezone=CET_CEST&dateTime.timezone_input=CET+(UTC+1)+/+CEST+(UTC+2)
Sweden,BZN SE2,https://transparency.entsoe.eu/transmission-domain/r2/dayAheadPrices/show?name=&defaultValue=false&viewType=TABLE&areaType=BZN&atch=false&dateTime.dateTime=01.01.2023+00:00|CET|DAY&biddingZone.values=CTY|10YSE-1--------K!BZN|10Y1001A1001A45N&resolution.values=PT60M&dateTime.timezone=CET_CEST&dateTime.timezone_input=CET+(UTC+1)+/+CEST+(UTC+2)
Sweden,BZN SE3,https://transparency.entsoe.eu/transmission-domain/r2/dayAheadPrices/show?name=&defaultValue=false&viewType=TABLE&areaType=BZN&atch=false&dateTime.dateTime=01.01.2023+00:00|CET|DAY&biddingZone.values=CTY|10YSE-1--------K!BZN|10Y1001A1001A46L&resolution.values=PT60M&dateTime.timezone=CET_CEST&dateTime.timezone_input=CET+(UTC+1)+/+CEST+(UTC+2)
Sweden,BZN SE4,https://transparency.entsoe.eu/transmission-domain/r2/dayAheadPrices/show?name=&defaultValue=false&viewType=TABLE&areaType=BZN&atch=false&dateTime.dateTime=01.01.2023+00:00|CET|DAY&biddingZone.values=CTY|10YSE-1--------K!BZN|10Y1001A1001A47J&resolution.values=PT60M&dateTime.timezone=CET_CEST&dateTime.timezone_input=CET+(UTC+1)+/+CEST+(UTC+2)
Switzerland,BZN CH,https://transparency.entsoe.eu/transmission-domain/r2/dayAheadPrices/show?name=&defaultValue=false&viewType=TABLE&areaType=BZN&atch=false&dateTime.dateTime=01.01.2023+00:00|CET|DAY&biddingZone.values=CTY|10YCH-SWISSGRIDZ!BZN|10YCH-SWISSGRIDZ&resolution.values=PT60M&dateTime.timezone=CET_CEST&dateTime.timezone_input=CET+(UTC+1)+/+CEST+(UTC+2)
Turkey,BZN TR,https://transparency.entsoe.eu/transmission-domain/r2/dayAheadPrices/show?name=&defaultValue=false&viewType=TABLE&areaType=BZN&atch=false&dateTime.dateTime=01.01.2023+00:00|CET|DAY&biddingZone.values=CTY|10YTR-TEIAS----W!BZN|10YTR-TEIAS----W&resolution.values=PT60M&dateTime.timezone=CET_CEST&dateTime.timezone_input=CET+(UTC+1)+/+CEST+(UTC+2)
Ukraine,BZN UA-BEI,https://transparency.entsoe.eu/transmission-domain/r2/dayAheadPrices/show?name=&defaultValue=false&viewType=TABLE&areaType=BZN&atch=false&dateTime.dateTime=01.01.2023+00:00|CET|DAY&biddingZone.values=CTY|10Y1001C--00003F!BZN|10YUA-WEPS-----0&resolution.values=PT60M&dateTime.timezone=CET_CEST&dateTime.timezone_input=CET+(UTC+1)+/+CEST+(UTC+2)
Ukraine,BZN UA-IPS,https://transparency.entsoe.eu/transmission-domain/r2/dayAheadPrices/show?name=&defaultValue=false&viewType=TABLE&areaType=BZN&atch=false&dateTime.dateTime=01.01.2023+00:00|CET|DAY&biddingZone.values=CTY|10Y1001C--00003F!BZN|10Y1001C--000182&resolution.values=PT60M&dateTime.timezone=CET_CEST&dateTime.timezone_input=CET+(UTC+1)+/+CEST+(UTC+2)
Ukraine,BZN UA,https://transparency.entsoe.eu/transmission-domain/r2/dayAheadPrices/show?name=&defaultValue=false&viewType=TABLE&areaType=BZN&atch=false&dateTime.dateTime=01.01.2023+00:00|CET|DAY&biddingZone.values=CTY|10Y1001C--00003F!BZN|10Y1001C--00003F&resolution.values=PT60M&dateTime.timezone=CET_CEST&dateTime.timezone_input=CET+(UTC+1)+/+CEST+(UTC+2)
Ukraine,BZN UA-DobTPP,https://transparency.entsoe.eu/transmission-domain/r2/dayAheadPrices/show?name=&defaultValue=false&viewType=TABLE&areaType=BZN&atch=false&dateTime.dateTime=01.01.2023+00:00|CET|DAY&biddingZone.values=CTY|10Y1001C--00003F!BZN|10Y1001A1001A869&resolution.values=PT60M&dateTime.timezone=CET_CEST&dateTime.timezone_input=CET+(UTC+1)+/+CEST+(UTC+2)
United Kingdom,BZN GB,https://transparency.entsoe.eu/transmission-domain/r2/dayAheadPrices/show?name=&defaultValue=false&viewType=TABLE&areaType=BZN&atch=false&dateTime.dateTime=01.01.2023+00:00|CET|DAY&biddingZone.values=CTY|10Y1001A1001A92E!BZN|10YGB----------A&resolution.values=PT60M&dateTime.timezone=CET_CEST&dateTime.timezone_input=CET+(UTC+1)+/+CEST+(UTC+2)
United Kingdom,BZN GB(ElecLink),https://transparency.entsoe.eu/transmission-domain/r2/dayAheadPrices/show?name=&defaultValue=false&viewType=TABLE&areaType=BZN&atch=false&dateTime.dateTime=01.01.2023+00:00|CET|DAY&biddingZone.values=CTY|10Y1001A1001A92E!BZN|11Y0-0000-0265-K&resolution.values=PT60M&dateTime.timezone=CET_CEST&dateTime.timezone_input=CET+(UTC+1)+/+CEST+(UTC+2)
United Kingdom,BZN GB(IFA),https://transparency.entsoe.eu/transmission-domain/r2/dayAheadPrices/show?name=&defaultValue=false&viewType=TABLE&areaType=BZN&atch=false&dateTime.dateTime=01.01.2023+00:00|CET|DAY&biddingZone.values=CTY|10Y1001A1001A92E!BZN|10Y1001C--00098F&resolution.values=PT60M&dateTime.timezone=CET_CEST&dateTime.timezone_input=CET+(UTC+1)+/+CEST+(UTC+2)
United Kingdom,BZN GB(IFA2),https://transparency.entsoe.eu/transmission-domain/r2/dayAheadPrices/show?name=&defaultValue=false&viewType=TABLE&areaType=BZN&atch=false&dateTime.dateTime=01.01.2023+00:00|CET|DAY&biddingZone.values=CTY|10Y1001A1001A92E!BZN|17Y0000009369493&resolution.values=PT60M&dateTime.timezone=CET_CEST&dateTime.timezone_input=CET+(UTC+1)+/+CEST+(UTC+2)
